State,Business size,#Establishments,Average annual payroll,Average first-quarter payroll,Average #employees,Region,Men to women degree holders ratio,Most popular degree field,2nd Most popular degree field,#(Mid)Senior degree holders,Degree holders to establishments ratio,Rate establishments born,Rate establishments exited,Rate born - exited,Min rank,Average rank,Max rank,State with top universities,State code
Alabama,Establishments with 50 to 99 employees,9,63668,15027,607,Southeast,0.8454972391237735,Science and Engineering,Business,687404,52079.82352941176,8.094363636363637,8.360363636363637,-0.266,197,199.5,202,No,AL
Alabama,Establishments with 100 to 249 employees,8,105551,26315,1114,Southeast,0.8454972391237735,Science and Engineering,Business,687404,52079.82352941176,8.094363636363637,8.360363636363637,-0.266,197,199.5,202,No,AL
Alabama,Establishments with 250 to 499 employees,3,80212,19639,1043,Southeast,0.8454972391237735,Science and Engineering,Business,687404,52079.82352941176,8.094363636363637,8.360363636363637,-0.266,197,199.5,202,No,AL
Alabama,Establishments with 50 to 99 employees,5,37154,9145,333,Southeast,0.8454972391237735,Science and Engineering,Business,687404,52079.82352941176,8.094363636363637,8.360363636363637,-0.266,197,199.5,202,No,AL
Alabama,Establishments with 100 to 249 employees,6,83284,21642,866,Southeast,0.8454972391237735,Science and Engineering,Business,687404,52079.82352941176,8.094363636363637,8.360363636363637,-0.266,197,199.5,202,No,AL
Alabama,Establishments with 50 to 99 employees,3,19820,4192,196,Southeast,0.8454972391237735,Science and Engineering,Business,687404,52079.82352941176,8.094363636363637,8.360363636363637,-0.266,197,199.5,202,No,AL
Arizona,Establishments with 50 to 99 employees,29,200468,50232,1898,Southwest,0.9427395194962953,Science and Engineering,"Arts, Humanities and Others",1086752,33912.681818181816,10.94818181818182,10.689181818181819,0.25900000000000034,202,206.0,210,No,AZ
Arizona,Establishments with 100 to 249 employees,14,196444,45681,2205,Southwest,0.9427395194962953,Science and Engineering,"Arts, Humanities and Others",1086752,33912.681818181816,10.94818181818182,10.689181818181819,0.25900000000000034,202,206.0,210,No,AZ
Arizona,Establishments with 500 to 999 employees,4,206309,55505,2581,Southwest,0.9427395194962953,Science and Engineering,"Arts, Humanities and Others",1086752,33912.681818181816,10.94818181818182,10.689181818181819,0.25900000000000034,202,206.0,210,No,AZ
Arizona,Establishments with 50 to 99 employees,20,147455,36168,1313,Southwest,0.9427395194962953,Science and Engineering,"Arts, Humanities and Others",1086752,33912.681818181816,10.94818181818182,10.689181818181819,0.25900000000000034,202,206.0,210,No,AZ
Arizona,Establishments with 100 to 249 employees,4,71043,16498,701,Southwest,0.9427395194962953,Science and Engineering,"Arts, Humanities and Others",1086752,33912.681818181816,10.94818181818182,10.689181818181819,0.25900000000000034,202,206.0,210,No,AZ
Arizona,Establishments with 500 to 999 employees,3,157158,42106,2052,Southwest,0.9427395194962953,Science and Engineering,"Arts, Humanities and Others",1086752,33912.681818181816,10.94818181818182,10.689181818181819,0.25900000000000034,202,206.0,210,No,AZ
Arizona,Establishments with 50 to 99 employees,7,40127,10782,470,Southwest,0.9427395194962953,Science and Engineering,"Arts, Humanities and Others",1086752,33912.681818181816,10.94818181818182,10.689181818181819,0.25900000000000034,202,206.0,210,No,AZ
Arizona,Establishments with 100 to 249 employees,7,86213,19277,992,Southwest,0.9427395194962953,Science and Engineering,"Arts, Humanities and Others",1086752,33912.681818181816,10.94818181818182,10.689181818181819,0.25900000000000034,202,206.0,210,No,AZ
Arkansas,Establishments with 50 to 99 employees,5,38438,6552,415,Southeast,0.8277511409819173,Science and Engineering,Business,368040,55925.529411764706,8.583181818181817,8.523090909090909,0.060090909090908085,210,210.0,210,No,AR
Arkansas,Establishments with 100 to 249 employees,6,82728,17774,995,Southeast,0.8277511409819173,Science and Engineering,Business,368040,55925.529411764706,8.583181818181817,8.523090909090909,0.060090909090908085,210,210.0,210,No,AR
Arkansas,Establishments with 100 to 249 employees,3,41654,8702,591,Southeast,0.8277511409819173,Science and Engineering,Business,368040,55925.529411764706,8.583181818181817,8.523090909090909,0.060090909090908085,210,210.0,210,No,AR
Arkansas,Establishments with 50 to 99 employees,3,13379,3003,208,Southeast,0.8277511409819173,Science and Engineering,Business,368040,55925.529411764706,8.583181818181817,8.523090909090909,0.060090909090908085,210,210.0,210,No,AR
California,Establishments with 50 to 99 employees,306,2735254,670071,20335,West,0.9366222178403293,Science and Engineering,"Arts, Humanities and Others",7545298,17823.221172022684,10.854000000000001,10.185727272727274,0.6682727272727274,56,66.9090909090909,79,Yes,CA
California,Establishments with 100 to 249 employees,158,3374318,809529,23769,West,0.9366222178403293,Science and Engineering,"Arts, Humanities and Others",7545298,17823.221172022684,10.854000000000001,10.185727272727274,0.6682727272727274,56,66.9090909090909,79,Yes,CA
California,Establishments with 250 to 499 employees,47,2118914,572629,15730,West,0.9366222178403293,Science and Engineering,"Arts, Humanities and Others",7545298,17823.221172022684,10.854000000000001,10.185727272727274,0.6682727272727274,56,66.9090909090909,79,Yes,CA
California,Establishments with 500 to 999 employees,14,2531754,530255,9054,West,0.9366222178403293,Science and Engineering,"Arts, Humanities and Others",7545298,17823.221172022684,10.854000000000001,10.185727272727274,0.6682727272727274,56,66.9090909090909,79,Yes,CA
California,Establishments with 1000 employees or more,13,6961609,1457557,46459,West,0.9366222178403293,Science and Engineering,"Arts, Humanities and Others",7545298,17823.221172022684,10.854000000000001,10.185727272727274,0.6682727272727274,56,66.9090909090909,79,Yes,CA
California,Establishments with 50 to 99 employees,173,1612332,407627,11806,West,0.9366222178403293,Science and Engineering,"Arts, Humanities and Others",7545298,17823.221172022684,10.854000000000001,10.185727272727274,0.6682727272727274,56,66.9090909090909,79,Yes,CA
California,Establishments with 100 to 249 employees,119,2786090,668571,18341,West,0.9366222178403293,Science and Engineering,"Arts, Humanities and Others",7545298,17823.221172022684,10.854000000000001,10.185727272727274,0.6682727272727274,56,66.9090909090909,79,Yes,CA
California,Establishments with 250 to 499 employees,33,1612355,442952,10978,West,0.9366222178403293,Science and Engineering,"Arts, Humanities and Others",7545298,17823.221172022684,10.854000000000001,10.185727272727274,0.6682727272727274,56,66.9090909090909,79,Yes,CA
California,Establishments with 500 to 999 employees,13,2477906,513609,8506,West,0.9366222178403293,Science and Engineering,"Arts, Humanities and Others",7545298,17823.221172022684,10.854000000000001,10.185727272727274,0.6682727272727274,56,66.9090909090909,79,Yes,CA
California,Establishments with 50 to 99 employees,55,397446,88659,3850,West,0.9366222178403293,Science and Engineering,"Arts, Humanities and Others",7545298,17823.221172022684,10.854000000000001,10.185727272727274,0.6682727272727274,56,66.9090909090909,79,Yes,CA
California,Establishments with 100 to 249 employees,22,294318,69271,3009,West,0.9366222178403293,Science and Engineering,"Arts, Humanities and Others",7545298,17823.221172022684,10.854000000000001,10.185727272727274,0.6682727272727274,56,66.9090909090909,79,Yes,CA
California,Establishments with 250 to 499 employees,8,222337,51009,2534,West,0.9366222178403293,Science and Engineering,"Arts, Humanities and Others",7545298,17823.221172022684,10.854000000000001,10.185727272727274,0.6682727272727274,56,66.9090909090909,79,Yes,CA
California,Establishments with 50 to 99 employees,3,18942,4747,159,West,0.9366222178403293,Science and Engineering,"Arts, Humanities and Others",7545298,17823.221172022684,10.854000000000001,10.185727272727274,0.6682727272727274,56,66.9090909090909,79,Yes,CA
California,Establishments with 100 to 249 employees,3,57023,14226,423,West,0.9366222178403293,Science and Engineering,"Arts, Humanities and Others",7545298,17823.221172022684,10.854000000000001,10.185727272727274,0.6682727272727274,56,66.9090909090909,79,Yes,CA
California,Establishments with 50 to 99 employees,20,141915,34777,1439,West,0.9366222178403293,Science and Engineering,"Arts, Humanities and Others",7545298,17823.221172022684,10.854000000000001,10.185727272727274,0.6682727272727274,56,66.9090909090909,79,Yes,CA
California,Establishments with 100 to 249 employees,12,172115,39580,1640,West,0.9366222178403293,Science and Engineering,"Arts, Humanities and Others",7545298,17823.221172022684,10.854000000000001,10.185727272727274,0.6682727272727274,56,66.9090909090909,79,Yes,CA
California,Establishments with 250 to 499 employees,4,173547,46666,1517,West,0.9366222178403293,Science and Engineering,"Arts, Humanities and Others",7545298,17823.221172022684,10.854000000000001,10.185727272727274,0.6682727272727274,56,66.9090909090909,79,Yes,CA
California,Establishments with 50 to 99 employees,55,564619,134261,3081,West,0.9366222178403293,Science and Engineering,"Arts, Humanities and Others",7545298,17823.221172022684,10.854000000000001,10.185727272727274,0.6682727272727274,56,66.9090909090909,79,Yes,CA
Colorado,Establishments with 50 to 99 employees,37,276762,70662,2591,West,0.9564563213218411,Science and Engineering,"Arts, Humanities and Others",1364304,24397.15107913669,11.497454545454545,10.652545454545454,0.8449090909090913,188,188.0,188,No,CO
Colorado,Establishments with 100 to 249 employees,26,363856,94190,3580,West,0.9564563213218411,Science and Engineering,"Arts, Humanities and Others",1364304,24397.15107913669,11.497454545454545,10.652545454545454,0.8449090909090913,188,188.0,188,No,CO
Colorado,Establishments with 250 to 499 employees,5,201550,48308,2018,West,0.9564563213218411,Science and Engineering,"Arts, Humanities and Others",1364304,24397.15107913669,11.497454545454545,10.652545454545454,0.8449090909090913,188,188.0,188,No,CO
Colorado,Establishments with 500 to 999 employees,5,312800,87592,3013,West,0.9564563213218411,Science and Engineering,"Arts, Humanities and Others",1364304,24397.15107913669,11.497454545454545,10.652545454545454,0.8449090909090913,188,188.0,188,No,CO
Colorado,Establishments with 50 to 99 employees,20,171324,44699,1421,West,0.9564563213218411,Science and Engineering,"Arts, Humanities and Others",1364304,24397.15107913669,11.497454545454545,10.652545454545454,0.8449090909090913,188,188.0,188,No,CO
Colorado,Establishments with 100 to 249 employees,14,216214,59121,1937,West,0.9564563213218411,Science and Engineering,"Arts, Humanities and Others",1364304,24397.15107913669,11.497454545454545,10.652545454545454,0.8449090909090913,188,188.0,188,No,CO
Colorado,Establishments with 250 to 499 employees,3,109376,25518,1201,West,0.9564563213218411,Science and Engineering,"Arts, Humanities and Others",1364304,24397.15107913669,11.497454545454545,10.652545454545454,0.8449090909090913,188,188.0,188,No,CO
Colorado,Establishments with 500 to 999 employees,3,208874,62141,1975,West,0.9564563213218411,Science and Engineering,"Arts, Humanities and Others",1364304,24397.15107913669,11.497454545454545,10.652545454545454,0.8449090909090913,188,188.0,188,No,CO
Colorado,Establishments with 50 to 99 employees,9,59488,15488,619,West,0.9564563213218411,Science and Engineering,"Arts, Humanities and Others",1364304,24397.15107913669,11.497454545454545,10.652545454545454,0.8449090909090913,188,188.0,188,No,CO
Colorado,Establishments with 100 to 249 employees,5,62872,15057,752,West,0.9564563213218411,Science and Engineering,"Arts, Humanities and Others",1364304,24397.15107913669,11.497454545454545,10.652545454545454,0.8449090909090913,188,188.0,188,No,CO
Colorado,Establishments with 50 to 99 employees,7,38027,8686,494,West,0.9564563213218411,Science and Engineering,"Arts, Humanities and Others",1364304,24397.15107913669,11.497454545454545,10.652545454545454,0.8449090909090913,188,188.0,188,No,CO
Colorado,Establishments with 100 to 249 employees,5,60009,14632,627,West,0.9564563213218411,Science and Engineering,"Arts, Humanities and Others",1364304,24397.15107913669,11.497454545454545,10.652545454545454,0.8449090909090913,188,188.0,188,No,CO
Connecticut,Establishments with 50 to 99 employees,21,149007,37135,1502,Northeast,0.8854062005922297,Science and Engineering,"Arts, Humanities and Others",779167,28827.478260869564,8.314545454545454,8.707454545454546,-0.3929090909090913,34,34.666666666666664,36,Yes,CT
Connecticut,Establishments with 100 to 249 employees,12,217070,55119,1820,Northeast,0.8854062005922297,Science and Engineering,"Arts, Humanities and Others",779167,28827.478260869564,8.314545454545454,8.707454545454546,-0.3929090909090913,34,34.666666666666664,36,Yes,CT
Connecticut,Establishments with 250 to 499 employees,4,110015,23330,1423,Northeast,0.8854062005922297,Science and Engineering,"Arts, Humanities and Others",779167,28827.478260869564,8.314545454545454,8.707454545454546,-0.3929090909090913,34,34.666666666666664,36,Yes,CT
Connecticut,Establishments with 50 to 99 employees,11,80111,21062,736,Northeast,0.8854062005922297,Science and Engineering,"Arts, Humanities and Others",779167,28827.478260869564,8.314545454545454,8.707454545454546,-0.3929090909090913,34,34.666666666666664,36,Yes,CT
Connecticut,Establishments with 100 to 249 employees,8,134665,29496,1089,Northeast,0.8854062005922297,Science and Engineering,"Arts, Humanities and Others",779167,28827.478260869564,8.314545454545454,8.707454545454546,-0.3929090909090913,34,34.666666666666664,36,Yes,CT
Connecticut,Establishments with 50 to 99 employees,6,41656,9894,491,Northeast,0.8854062005922297,Science and Engineering,"Arts, Humanities and Others",779167,28827.478260869564,8.314545454545454,8.707454545454546,-0.3929090909090913,34,34.666666666666664,36,Yes,CT
Connecticut,Establishments with 100 to 249 employees,3,66698,21440,575,Northeast,0.8854062005922297,Science and Engineering,"Arts, Humanities and Others",779167,28827.478260869564,8.314545454545454,8.707454545454546,-0.3929090909090913,34,34.666666666666664,36,Yes,CT
Connecticut,Establishments with 50 to 99 employees,4,27240,6179,275,Northeast,0.8854062005922297,Science and Engineering,"Arts, Humanities and Others",779167,28827.478260869564,8.314545454545454,8.707454545454546,-0.3929090909090913,34,34.666666666666664,36,Yes,CT
Delaware,Establishments with 50 to 99 employees,10,84985,21516,765,Northeast,0.871173793612398,Science and Engineering,"Arts, Humanities and Others",171810,18255.92,9.752454545454546,9.424727272727273,0.3277272727272731,188,188.0,188,No,DE
Delaware,Establishments with 100 to 249 employees,4,47999,10937,557,Northeast,0.871173793612398,Science and Engineering,"Arts, Humanities and Others",171810,18255.92,9.752454545454546,9.424727272727273,0.3277272727272731,188,188.0,188,No,DE
Delaware,Establishments with 50 to 99 employees,8,56173,15367,584,Northeast,0.871173793612398,Science and Engineering,"Arts, Humanities and Others",171810,18255.92,9.752454545454546,9.424727272727273,0.3277272727272731,188,188.0,188,No,DE
Delaware,Establishments with 100 to 249 employees,3,33867,7196,457,Northeast,0.871173793612398,Science and Engineering,"Arts, Humanities and Others",171810,18255.92,9.752454545454546,9.424727272727273,0.3277272727272731,188,188.0,188,No,DE
District of Columbia,Establishments with 50 to 99 employees,17,147081,35325,1184,Southeast,0.9107413394187189,Science and Engineering,"Arts, Humanities and Others",261583,13396.844444444445,9.878,8.755090909090908,1.1229090909090917,135,135.0,135,No,DC
District of Columbia,Establishments with 100 to 249 employees,9,193148,49834,1334,Southeast,0.9107413394187189,Science and Engineering,"Arts, Humanities and Others",261583,13396.844444444445,9.878,8.755090909090908,1.1229090909090917,135,135.0,135,No,DC
District of Columbia,Establishments with 50 to 99 employees,8,77744,17798,584,Southeast,0.9107413394187189,Science and Engineering,"Arts, Humanities and Others",261583,13396.844444444445,9.878,8.755090909090908,1.1229090909090917,135,135.0,135,No,DC
District of Columbia,Establishments with 50 to 99 employees,6,44811,10181,380,Southeast,0.9107413394187189,Science and Engineering,"Arts, Humanities and Others",261583,13396.844444444445,9.878,8.755090909090908,1.1229090909090917,135,135.0,135,No,DC
District of Columbia,Establishments with 100 to 249 employees,5,86316,18308,755,Southeast,0.9107413394187189,Science and Engineering,"Arts, Humanities and Others",261583,13396.844444444445,9.878,8.755090909090908,1.1229090909090917,135,135.0,135,No,DC
Florida,Establishments with 50 to 99 employees,75,528358,114250,5343,Southeast,0.9123152206008363,Science and Engineering,Business,3439620,43019.33936651584,12.417545454545454,11.378727272727273,1.038818181818181,164,169.42857142857142,171,No,FL
Florida,Establishments with 100 to 249 employees,22,298026,71114,3466,Southeast,0.9123152206008363,Science and Engineering,Business,3439620,43019.33936651584,12.417545454545454,11.378727272727273,1.038818181818181,164,169.42857142857142,171,No,FL
Florida,Establishments with 250 to 499 employees,11,334642,79727,3641,Southeast,0.9123152206008363,Science and Engineering,Business,3439620,43019.33936651584,12.417545454545454,11.378727272727273,1.038818181818181,164,169.42857142857142,171,No,FL
Florida,Establishments with 500 to 999 employees,4,212037,55500,2731,Southeast,0.9123152206008363,Science and Engineering,Business,3439620,43019.33936651584,12.417545454545454,11.378727272727273,1.038818181818181,164,169.42857142857142,171,No,FL
Florida,Establishments with 1000 employees or more,3,444405,113933,5212,Southeast,0.9123152206008363,Science and Engineering,Business,3439620,43019.33936651584,12.417545454545454,11.378727272727273,1.038818181818181,164,169.42857142857142,171,No,FL
Florida,Establishments with 50 to 99 employees,33,291042,58920,2481,Southeast,0.9123152206008363,Science and Engineering,Business,3439620,43019.33936651584,12.417545454545454,11.378727272727273,1.038818181818181,164,169.42857142857142,171,No,FL
Florida,Establishments with 100 to 249 employees,11,175186,41815,1800,Southeast,0.9123152206008363,Science and Engineering,Business,3439620,43019.33936651584,12.417545454545454,11.378727272727273,1.038818181818181,164,169.42857142857142,171,No,FL
Florida,Establishments with 250 to 499 employees,6,228776,53445,2100,Southeast,0.9123152206008363,Science and Engineering,Business,3439620,43019.33936651584,12.417545454545454,11.378727272727273,1.038818181818181,164,169.42857142857142,171,No,FL
Florida,Establishments with 50 to 99 employees,31,169660,39524,2054,Southeast,0.9123152206008363,Science and Engineering,Business,3439620,43019.33936651584,12.417545454545454,11.378727272727273,1.038818181818181,164,169.42857142857142,171,No,FL
Florida,Establishments with 100 to 249 employees,7,62727,15857,989,Southeast,0.9123152206008363,Science and Engineering,Business,3439620,43019.33936651584,12.417545454545454,11.378727272727273,1.038818181818181,164,169.42857142857142,171,No,FL
Florida,Establishments with 250 to 499 employees,4,70239,18078,1245,Southeast,0.9123152206008363,Science and Engineering,Business,3439620,43019.33936651584,12.417545454545454,11.378727272727273,1.038818181818181,164,169.42857142857142,171,No,FL
Florida,Establishments with 50 to 99 employees,10,63637,14968,749,Southeast,0.9123152206008363,Science and Engineering,Business,3439620,43019.33936651584,12.417545454545454,11.378727272727273,1.038818181818181,164,169.42857142857142,171,No,FL
Florida,Establishments with 100 to 249 employees,4,60113,13442,677,Southeast,0.9123152206008363,Science and Engineering,Business,3439620,43019.33936651584,12.417545454545454,11.378727272727273,1.038818181818181,164,169.42857142857142,171,No,FL
Georgia,Establishments with 50 to 99 employees,64,459634,115945,4500,Southeast,0.8256342731588528,Science and Engineering,Business,1893485,18788.310204081634,10.499727272727272,10.142,0.35772727272727245,133,134.5,135,No,GA
Georgia,Establishments with 100 to 249 employees,48,684787,175891,7417,Southeast,0.8256342731588528,Science and Engineering,Business,1893485,18788.310204081634,10.499727272727272,10.142,0.35772727272727245,133,134.5,135,No,GA
Georgia,Establishments with 250 to 499 employees,10,328481,81916,3629,Southeast,0.8256342731588528,Science and Engineering,Business,1893485,18788.310204081634,10.499727272727272,10.142,0.35772727272727245,133,134.5,135,No,GA
Georgia,Establishments with 500 to 999 employees,4,288558,76693,2921,Southeast,0.8256342731588528,Science and Engineering,Business,1893485,18788.310204081634,10.499727272727272,10.142,0.35772727272727245,133,134.5,135,No,GA
Georgia,Establishments with 50 to 99 employees,35,277587,71593,2467,Southeast,0.8256342731588528,Science and Engineering,Business,1893485,18788.310204081634,10.499727272727272,10.142,0.35772727272727245,133,134.5,135,No,GA
Georgia,Establishments with 100 to 249 employees,26,347396,86459,3796,Southeast,0.8256342731588528,Science and Engineering,Business,1893485,18788.310204081634,10.499727272727272,10.142,0.35772727272727245,133,134.5,135,No,GA
Georgia,Establishments with 250 to 499 employees,9,308537,76445,3146,Southeast,0.8256342731588528,Science and Engineering,Business,1893485,18788.310204081634,10.499727272727272,10.142,0.35772727272727245,133,134.5,135,No,GA
Georgia,Establishments with 50 to 99 employees,19,107777,25368,1279,Southeast,0.8256342731588528,Science and Engineering,Business,1893485,18788.310204081634,10.499727272727272,10.142,0.35772727272727245,133,134.5,135,No,GA
Georgia,Establishments with 100 to 249 employees,17,236538,62833,2823,Southeast,0.8256342731588528,Science and Engineering,Business,1893485,18788.310204081634,10.499727272727272,10.142,0.35772727272727245,133,134.5,135,No,GA
Georgia,Establishments with 50 to 99 employees,9,65900,16630,659,Southeast,0.8256342731588528,Science and Engineering,Business,1893485,18788.310204081634,10.499727272727272,10.142,0.35772727272727245,133,134.5,135,No,GA
Georgia,Establishments with 100 to 249 employees,4,82160,20832,607,Southeast,0.8256342731588528,Science and Engineering,Business,1893485,18788.310204081634,10.499727272727272,10.142,0.35772727272727245,133,134.5,135,No,GA
Hawaii,Establishments with 50 to 99 employees,6,35640,8599,385,West,0.8291443850267379,Science and Engineering,"Arts, Humanities and Others",249650,67041.8,8.315181818181818,8.340454545454547,-0.025272727272728446,214,214.0,214,No,HI
Hawaii,Establishments with 50 to 99 employees,4,21190,5029,246,West,0.8291443850267379,Science and Engineering,"Arts, Humanities and Others",249650,67041.8,8.315181818181818,8.340454545454547,-0.025272727272728446,214,214.0,214,No,HI
Idaho,Establishments with 50 to 99 employees,4,21643,4702,248,West,0.957512748501288,Science and Engineering,"Arts, Humanities and Others",255770,96187.14285714286,10.58990909090909,9.993909090909092,0.5959999999999983,214,214.0,214,No,ID
Idaho,Establishments with 100 to 249 employees,3,23236,6106,481,West,0.957512748501288,Science and Engineering,"Arts, Humanities and Others",255770,96187.14285714286,10.58990909090909,9.993909090909092,0.5959999999999983,214,214.0,214,No,ID
Illinois,Establishments with 50 to 99 employees,68,493609,129633,4585,Midwest,0.8910941376770294,Science and Engineering,"Arts, Humanities and Others",2546072,22860.08823529412,9.197909090909091,9.300545454545455,-0.10263636363636408,23,27.363636363636363,32,Yes,IL
Illinois,Establishments with 100 to 249 employees,50,795211,213564,6873,Midwest,0.8910941376770294,Science and Engineering,"Arts, Humanities and Others",2546072,22860.08823529412,9.197909090909091,9.300545454545455,-0.10263636363636408,23,27.363636363636363,32,Yes,IL
Illinois,Establishments with 250 to 499 employees,16,572181,157183,5376,Midwest,0.8910941376770294,Science and Engineering,"Arts, Humanities and Others",2546072,22860.08823529412,9.197909090909091,9.300545454545455,-0.10263636363636408,23,27.363636363636363,32,Yes,IL
Illinois,Establishments with 500 to 999 employees,4,269441,70983,2590,Midwest,0.8910941376770294,Science and Engineering,"Arts, Humanities and Others",2546072,22860.08823529412,9.197909090909091,9.300545454545455,-0.10263636363636408,23,27.363636363636363,32,Yes,IL
Illinois,Establishments with 1000 employees or more,3,675161,179828,7649,Midwest,0.8910941376770294,Science and Engineering,"Arts, Humanities and Others",2546072,22860.08823529412,9.197909090909091,9.300545454545455,-0.10263636363636408,23,27.363636363636363,32,Yes,IL
Illinois,Establishments with 50 to 99 employees,29,229476,67386,1945,Midwest,0.8910941376770294,Science and Engineering,"Arts, Humanities and Others",2546072,22860.08823529412,9.197909090909091,9.300545454545455,-0.10263636363636408,23,27.363636363636363,32,Yes,IL
Illinois,Establishments with 100 to 249 employees,28,503949,143465,3930,Midwest,0.8910941376770294,Science and Engineering,"Arts, Humanities and Others",2546072,22860.08823529412,9.197909090909091,9.300545454545455,-0.10263636363636408,23,27.363636363636363,32,Yes,IL
Illinois,Establishments with 250 to 499 employees,7,249061,73001,2332,Midwest,0.8910941376770294,Science and Engineering,"Arts, Humanities and Others",2546072,22860.08823529412,9.197909090909091,9.300545454545455,-0.10263636363636408,23,27.363636363636363,32,Yes,IL
Illinois,Establishments with 500 to 999 employees,3,172183,41549,1849,Midwest,0.8910941376770294,Science and Engineering,"Arts, Humanities and Others",2546072,22860.08823529412,9.197909090909091,9.300545454545455,-0.10263636363636408,23,27.363636363636363,32,Yes,IL
Illinois,Establishments with 50 to 99 employees,30,187253,42798,2014,Midwest,0.8910941376770294,Science and Engineering,"Arts, Humanities and Others",2546072,22860.08823529412,9.197909090909091,9.300545454545455,-0.10263636363636408,23,27.363636363636363,32,Yes,IL
Illinois,Establishments with 100 to 249 employees,10,123960,30112,1476,Midwest,0.8910941376770294,Science and Engineering,"Arts, Humanities and Others",2546072,22860.08823529412,9.197909090909091,9.300545454545455,-0.10263636363636408,23,27.363636363636363,32,Yes,IL
Illinois,Establishments with 250 to 499 employees,7,210214,52204,2256,Midwest,0.8910941376770294,Science and Engineering,"Arts, Humanities and Others",2546072,22860.08823529412,9.197909090909091,9.300545454545455,-0.10263636363636408,23,27.363636363636363,32,Yes,IL
Illinois,Establishments with 50 to 99 employees,7,52195,13913,452,Midwest,0.8910941376770294,Science and Engineering,"Arts, Humanities and Others",2546072,22860.08823529412,9.197909090909091,9.300545454545455,-0.10263636363636408,23,27.363636363636363,32,Yes,IL
Illinois,Establishments with 100 to 249 employees,10,150687,36328,1260,Midwest,0.8910941376770294,Science and Engineering,"Arts, Humanities and Others",2546072,22860.08823529412,9.197909090909091,9.300545454545455,-0.10263636363636408,23,27.363636363636363,32,Yes,IL
Indiana,Establishments with 50 to 99 employees,13,85702,22179,967,Midwest,0.8870031708690795,Science and Engineering,"Arts, Humanities and Others",977432,39764.7868852459,8.036636363636363,8.122545454545454,-0.08590909090909093,111,116.6,118,No,IN
Indiana,Establishments with 100 to 249 employees,16,213630,55788,2308,Midwest,0.8870031708690795,Science and Engineering,"Arts, Humanities and Others",977432,39764.7868852459,8.036636363636363,8.122545454545454,-0.08590909090909093,111,116.6,118,No,IN
Indiana,Establishments with 250 to 499 employees,4,93219,25047,1308,Midwest,0.8870031708690795,Science and Engineering,"Arts, Humanities and Others",977432,39764.7868852459,8.036636363636363,8.122545454545454,-0.08590909090909093,111,116.6,118,No,IN
Indiana,Establishments with 50 to 99 employees,4,21850,6373,288,Midwest,0.8870031708690795,Science and Engineering,"Arts, Humanities and Others",977432,39764.7868852459,8.036636363636363,8.122545454545454,-0.08590909090909093,111,116.6,118,No,IN
Indiana,Establishments with 100 to 249 employees,6,75974,22021,898,Midwest,0.8870031708690795,Science and Engineering,"Arts, Humanities and Others",977432,39764.7868852459,8.036636363636363,8.122545454545454,-0.08590909090909093,111,116.6,118,No,IN
Indiana,Establishments with 50 to 99 employees,8,54040,12807,597,Midwest,0.8870031708690795,Science and Engineering,"Arts, Humanities and Others",977432,39764.7868852459,8.036636363636363,8.122545454545454,-0.08590909090909093,111,116.6,118,No,IN
Indiana,Establishments with 100 to 249 employees,6,86830,21641,916,Midwest,0.8870031708690795,Science and Engineering,"Arts, Humanities and Others",977432,39764.7868852459,8.036636363636363,8.122545454545454,-0.08590909090909093,111,116.6,118,No,IN
Indiana,Establishments with 100 to 249 employees,4,50826,12126,494,Midwest,0.8870031708690795,Science and Engineering,"Arts, Humanities and Others",977432,39764.7868852459,8.036636363636363,8.122545454545454,-0.08590909090909093,111,116.6,118,No,IN
Iowa,Establishments with 50 to 99 employees,16,90666,20918,1126,Midwest,0.8633397715192621,Science and Engineering,"Arts, Humanities and Others",491768,28942.0,7.462727272727273,7.417000000000001,0.04572727272727217,194,194.0,194,No,IA
Iowa,Establishments with 100 to 249 employees,7,124117,30832,1365,Midwest,0.8633397715192621,Science and Engineering,"Arts, Humanities and Others",491768,28942.0,7.462727272727273,7.417000000000001,0.04572727272727217,194,194.0,194,No,IA
Iowa,Establishments with 50 to 99 employees,4,27743,5612,240,Midwest,0.8633397715192621,Science and Engineering,"Arts, Humanities and Others",491768,28942.0,7.462727272727273,7.417000000000001,0.04572727272727217,194,194.0,194,No,IA
Iowa,Establishments with 100 to 249 employees,5,88284,21782,1012,Midwest,0.8633397715192621,Science and Engineering,"Arts, Humanities and Others",491768,28942.0,7.462727272727273,7.417000000000001,0.04572727272727217,194,194.0,194,No,IA
Iowa,Establishments with 50 to 99 employees,11,55315,13642,779,Midwest,0.8633397715192621,Science and Engineering,"Arts, Humanities and Others",491768,28942.0,7.462727272727273,7.417000000000001,0.04572727272727217,194,194.0,194,No,IA
Kansas,Establishments with 50 to 99 employees,10,70572,17738,701,Midwest,0.881575532473225,Science and Engineering,"Arts, Humanities and Others",508557,38381.705882352944,8.135545454545454,8.350272727272726,-0.21472727272727177,202,202.0,202,No,KS
Kansas,Establishments with 100 to 249 employees,9,102651,24876,1458,Midwest,0.881575532473225,Science and Engineering,"Arts, Humanities and Others",508557,38381.705882352944,8.135545454545454,8.350272727272726,-0.21472727272727177,202,202.0,202,No,KS
Kansas,Establishments with 50 to 99 employees,5,31678,8086,336,Midwest,0.881575532473225,Science and Engineering,"Arts, Humanities and Others",508557,38381.705882352944,8.135545454545454,8.350272727272726,-0.21472727272727177,202,202.0,202,No,KS
Kansas,Establishments with 100 to 249 employees,5,58767,16062,866,Midwest,0.881575532473225,Science and Engineering,"Arts, Humanities and Others",508557,38381.705882352944,8.135545454545454,8.350272727272726,-0.21472727272727177,202,202.0,202,No,KS
Kansas,Establishments with 50 to 99 employees,5,38894,9652,365,Midwest,0.881575532473225,Science and Engineering,"Arts, Humanities and Others",508557,38381.705882352944,8.135545454545454,8.350272727272726,-0.21472727272727177,202,202.0,202,No,KS
Kentucky,Establishments with 50 to 99 employees,14,92685,24218,963,Southeast,0.8378344007121724,Science and Engineering,"Arts, Humanities and Others",609186,46419.57575757576,8.276636363636364,8.31481818181818,-0.038181818181817206,210,210.0,210,No,KY
Kentucky,Establishments with 100 to 249 employees,4,54241,12807,686,Southeast,0.8378344007121724,Science and Engineering,"Arts, Humanities and Others",609186,46419.57575757576,8.276636363636364,8.31481818181818,-0.038181818181817206,210,210.0,210,No,KY
Kentucky,Establishments with 50 to 99 employees,12,80410,21182,835,Southeast,0.8378344007121724,Science and Engineering,"Arts, Humanities and Others",609186,46419.57575757576,8.276636363636364,8.31481818181818,-0.038181818181817206,210,210.0,210,No,KY
Kentucky,Establishments with 100 to 249 employees,3,41995,9608,555,Southeast,0.8378344007121724,Science and Engineering,"Arts, Humanities and Others",609186,46419.57575757576,8.276636363636364,8.31481818181818,-0.038181818181817206,210,210.0,210,No,KY
Louisiana,Establishments with 50 to 99 employees,5,33126,7031,340,Southeast,0.7679260977473609,Science and Engineering,"Arts, Humanities and Others",615845,120657.69230769231,8.481545454545454,8.331727272727273,0.14981818181818163,164,164.0,164,No,LA
Louisiana,Establishments with 100 to 249 employees,4,63256,14434,633,Southeast,0.7679260977473609,Science and Engineering,"Arts, Humanities and Others",615845,120657.69230769231,8.481545454545454,8.331727272727273,0.14981818181818163,164,164.0,164,No,LA
Louisiana,Establishments with 50 to 99 employees,4,28481,5870,294,Southeast,0.7679260977473609,Science and Engineering,"Arts, Humanities and Others",615845,120657.69230769231,8.481545454545454,8.331727272727273,0.14981818181818163,164,164.0,164,No,LA
Maryland,Establishments with 50 to 99 employees,69,589259,140104,5098,Northeast,0.8492731495698586,Science and Engineering,"Arts, Humanities and Others",1368001,12907.396226415094,9.151,9.095272727272727,0.05572727272727285,99,99.0,99,Yes,MD
Maryland,Establishments with 100 to 249 employees,52,864764,207126,7780,Northeast,0.8492731495698586,Science and Engineering,"Arts, Humanities and Others",1368001,12907.396226415094,9.151,9.095272727272727,0.05572727272727285,99,99.0,99,Yes,MD
Maryland,Establishments with 250 to 499 employees,8,307906,77781,2571,Northeast,0.8492731495698586,Science and Engineering,"Arts, Humanities and Others",1368001,12907.396226415094,9.151,9.095272727272727,0.05572727272727285,99,99.0,99,Yes,MD
Maryland,Establishments with 500 to 999 employees,5,366873,75536,3692,Northeast,0.8492731495698586,Science and Engineering,"Arts, Humanities and Others",1368001,12907.396226415094,9.151,9.095272727272727,0.05572727272727285,99,99.0,99,Yes,MD
Maryland,Establishments with 50 to 99 employees,21,193767,49969,1568,Northeast,0.8492731495698586,Science and Engineering,"Arts, Humanities and Others",1368001,12907.396226415094,9.151,9.095272727272727,0.05572727272727285,99,99.0,99,Yes,MD
Maryland,Establishments with 100 to 249 employees,16,295751,72084,2599,Northeast,0.8492731495698586,Science and Engineering,"Arts, Humanities and Others",1368001,12907.396226415094,9.151,9.095272727272727,0.05572727272727285,99,99.0,99,Yes,MD
Maryland,Establishments with 250 to 499 employees,3,149164,36378,928,Northeast,0.8492731495698586,Science and Engineering,"Arts, Humanities and Others",1368001,12907.396226415094,9.151,9.095272727272727,0.05572727272727285,99,99.0,99,Yes,MD
Maryland,Establishments with 500 to 999 employees,3,288365,59021,2393,Northeast,0.8492731495698586,Science and Engineering,"Arts, Humanities and Others",1368001,12907.396226415094,9.151,9.095272727272727,0.05572727272727285,99,99.0,99,Yes,MD
Maryland,Establishments with 50 to 99 employees,41,330084,76269,3021,Northeast,0.8492731495698586,Science and Engineering,"Arts, Humanities and Others",1368001,12907.396226415094,9.151,9.095272727272727,0.05572727272727285,99,99.0,99,Yes,MD
Maryland,Establishments with 100 to 249 employees,30,468984,111115,4335,Northeast,0.8492731495698586,Science and Engineering,"Arts, Humanities and Others",1368001,12907.396226415094,9.151,9.095272727272727,0.05572727272727285,99,99.0,99,Yes,MD
Maryland,Establishments with 250 to 499 employees,5,158742,41403,1643,Northeast,0.8492731495698586,Science and Engineering,"Arts, Humanities and Others",1368001,12907.396226415094,9.151,9.095272727272727,0.05572727272727285,99,99.0,99,Yes,MD
Maryland,Establishments with 50 to 99 employees,7,65408,13866,509,Northeast,0.8492731495698586,Science and Engineering,"Arts, Humanities and Others",1368001,12907.396226415094,9.151,9.095272727272727,0.05572727272727285,99,99.0,99,Yes,MD
Maryland,Establishments with 100 to 249 employees,5,83135,19679,734,Northeast,0.8492731495698586,Science and Engineering,"Arts, Humanities and Others",1368001,12907.396226415094,9.151,9.095272727272727,0.05572727272727285,99,99.0,99,Yes,MD
Massachusetts,Establishments with 50 to 99 employees,64,956228,138329,4506,Northeast,0.8816499408357511,Science and Engineering,"Arts, Humanities and Others",1766622,18568.025531914893,8.739909090909093,8.409545454545453,0.3303636363636393,8,14.266666666666667,20,Yes,MA
Massachusetts,Establishments with 100 to 249 employees,40,790908,202976,6214,Northeast,0.8816499408357511,Science and Engineering,"Arts, Humanities and Others",1766622,18568.025531914893,8.739909090909093,8.409545454545453,0.3303636363636393,8,14.266666666666667,20,Yes,MA
Massachusetts,Establishments with 250 to 499 employees,11,541087,145061,4226,Northeast,0.8816499408357511,Science and Engineering,"Arts, Humanities and Others",1766622,18568.025531914893,8.739909090909093,8.409545454545453,0.3303636363636393,8,14.266666666666667,20,Yes,MA
Massachusetts,Establishments with 500 to 999 employees,5,638974,139995,3698,Northeast,0.8816499408357511,Science and Engineering,"Arts, Humanities and Others",1766622,18568.025531914893,8.739909090909093,8.409545454545453,0.3303636363636393,8,14.266666666666667,20,Yes,MA
Massachusetts,Establishments with 1000 employees or more,3,493573,147072,3943,Northeast,0.8816499408357511,Science and Engineering,"Arts, Humanities and Others",1766622,18568.025531914893,8.739909090909093,8.409545454545453,0.3303636363636393,8,14.266666666666667,20,Yes,MA
Massachusetts,Establishments with 50 to 99 employees,46,800187,104370,3280,Northeast,0.8816499408357511,Science and Engineering,"Arts, Humanities and Others",1766622,18568.025531914893,8.739909090909093,8.409545454545453,0.3303636363636393,8,14.266666666666667,20,Yes,MA
Massachusetts,Establishments with 100 to 249 employees,27,553588,144689,4159,Northeast,0.8816499408357511,Science and Engineering,"Arts, Humanities and Others",1766622,18568.025531914893,8.739909090909093,8.409545454545453,0.3303636363636393,8,14.266666666666667,20,Yes,MA
Massachusetts,Establishments with 250 to 499 employees,6,299564,77955,2220,Northeast,0.8816499408357511,Science and Engineering,"Arts, Humanities and Others",1766622,18568.025531914893,8.739909090909093,8.409545454545453,0.3303636363636393,8,14.266666666666667,20,Yes,MA
Massachusetts,Establishments with 50 to 99 employees,12,96907,22336,812,Northeast,0.8816499408357511,Science and Engineering,"Arts, Humanities and Others",1766622,18568.025531914893,8.739909090909093,8.409545454545453,0.3303636363636393,8,14.266666666666667,20,Yes,MA
Massachusetts,Establishments with 100 to 249 employees,6,93882,21006,934,Northeast,0.8816499408357511,Science and Engineering,"Arts, Humanities and Others",1766622,18568.025531914893,8.739909090909093,8.409545454545453,0.3303636363636393,8,14.266666666666667,20,Yes,MA
Massachusetts,Establishments with 250 to 499 employees,3,181511,44442,1327,Northeast,0.8816499408357511,Science and Engineering,"Arts, Humanities and Others",1766622,18568.025531914893,8.739909090909093,8.409545454545453,0.3303636363636393,8,14.266666666666667,20,Yes,MA
Massachusetts,Establishments with 50 to 99 employees,6,59134,11623,414,Northeast,0.8816499408357511,Science and Engineering,"Arts, Humanities and Others",1766622,18568.025531914893,8.739909090909093,8.409545454545453,0.3303636363636393,8,14.266666666666667,20,Yes,MA
Massachusetts,Establishments with 100 to 249 employees,6,124686,31728,928,Northeast,0.8816499408357511,Science and Engineering,"Arts, Humanities and Others",1766622,18568.025531914893,8.739909090909093,8.409545454545453,0.3303636363636393,8,14.266666666666667,20,Yes,MA
Michigan,Establishments with 50 to 99 employees,48,329310,79253,3179,Midwest,0.902249947868966,Science and Engineering,Business,1620524,30230.58394160584,8.451545454545455,8.726363636363637,-0.27481818181818163,146,150.0,152,No,MI
Michigan,Establishments with 100 to 249 employees,13,176735,47734,2056,Midwest,0.902249947868966,Science and Engineering,Business,1620524,30230.58394160584,8.451545454545455,8.726363636363637,-0.27481818181818163,146,150.0,152,No,MI
Michigan,Establishments with 250 to 499 employees,8,226056,58883,2693,Midwest,0.902249947868966,Science and Engineering,Business,1620524,30230.58394160584,8.451545454545455,8.726363636363637,-0.27481818181818163,146,150.0,152,No,MI
Michigan,Establishments with 500 to 999 employees,5,310543,89539,3822,Midwest,0.902249947868966,Science and Engineering,Business,1620524,30230.58394160584,8.451545454545455,8.726363636363637,-0.27481818181818163,146,150.0,152,No,MI
Michigan,Establishments with 50 to 99 employees,19,124916,31283,1157,Midwest,0.902249947868966,Science and Engineering,Business,1620524,30230.58394160584,8.451545454545455,8.726363636363637,-0.27481818181818163,146,150.0,152,No,MI
Michigan,Establishments with 100 to 249 employees,9,129291,35827,1465,Midwest,0.902249947868966,Science and Engineering,Business,1620524,30230.58394160584,8.451545454545455,8.726363636363637,-0.27481818181818163,146,150.0,152,No,MI
Michigan,Establishments with 250 to 499 employees,4,106301,26156,1154,Midwest,0.902249947868966,Science and Engineering,Business,1620524,30230.58394160584,8.451545454545455,8.726363636363637,-0.27481818181818163,146,150.0,152,No,MI
Michigan,Establishments with 50 to 99 employees,27,187877,43861,1889,Midwest,0.902249947868966,Science and Engineering,Business,1620524,30230.58394160584,8.451545454545455,8.726363636363637,-0.27481818181818163,146,150.0,152,No,MI
Michigan,Establishments with 100 to 249 employees,4,47444,11907,591,Midwest,0.902249947868966,Science and Engineering,Business,1620524,30230.58394160584,8.451545454545455,8.726363636363637,-0.27481818181818163,146,150.0,152,No,MI
Minnesota,Establishments with 50 to 99 employees,25,157711,39004,1722,Midwest,0.8934873250154572,Science and Engineering,"Arts, Humanities and Others",1158750,30173.178947368422,8.604454545454546,8.468363636363636,0.13609090909091037,183,183.0,183,No,MN
Minnesota,Establishments with 100 to 249 employees,18,329922,89505,2851,Midwest,0.8934873250154572,Science and Engineering,"Arts, Humanities and Others",1158750,30173.178947368422,8.604454545454546,8.468363636363636,0.13609090909091037,183,183.0,183,No,MN
Minnesota,Establishments with 250 to 499 employees,8,292742,75951,2954,Midwest,0.8934873250154572,Science and Engineering,"Arts, Humanities and Others",1158750,30173.178947368422,8.604454545454546,8.468363636363636,0.13609090909091037,183,183.0,183,No,MN
Minnesota,Establishments with 50 to 99 employees,10,62661,16726,718,Midwest,0.8934873250154572,Science and Engineering,"Arts, Humanities and Others",1158750,30173.178947368422,8.604454545454546,8.468363636363636,0.13609090909091037,183,183.0,183,No,MN
Minnesota,Establishments with 100 to 249 employees,8,151433,46402,1218,Midwest,0.8934873250154572,Science and Engineering,"Arts, Humanities and Others",1158750,30173.178947368422,8.604454545454546,8.468363636363636,0.13609090909091037,183,183.0,183,No,MN
Minnesota,Establishments with 250 to 499 employees,3,103839,26472,1203,Midwest,0.8934873250154572,Science and Engineering,"Arts, Humanities and Others",1158750,30173.178947368422,8.604454545454546,8.468363636363636,0.13609090909091037,183,183.0,183,No,MN
Minnesota,Establishments with 50 to 99 employees,11,71874,15683,727,Midwest,0.8934873250154572,Science and Engineering,"Arts, Humanities and Others",1158750,30173.178947368422,8.604454545454546,8.468363636363636,0.13609090909091037,183,183.0,183,No,MN
Minnesota,Establishments with 100 to 249 employees,9,155914,36946,1436,Midwest,0.8934873250154572,Science and Engineering,"Arts, Humanities and Others",1158750,30173.178947368422,8.604454545454546,8.468363636363636,0.13609090909091037,183,183.0,183,No,MN
Minnesota,Establishments with 250 to 499 employees,3,115716,29530,1061,Midwest,0.8934873250154572,Science and Engineering,"Arts, Humanities and Others",1158750,30173.178947368422,8.604454545454546,8.468363636363636,0.13609090909091037,183,183.0,183,No,MN
Mississippi,Establishments with 50 to 99 employees,3,17337,3926,230,Southeast,0.7245389528256219,Science and Engineering,Education,336779,294500.6666666667,7.921,8.195,-0.274,214,214.0,214,No,MS
Missouri,Establishments with 50 to 99 employees,14,87740,20156,1042,Midwest,0.8609322805507493,Science and Engineering,Business,1017063,37390.617647058825,9.956272727272728,9.533545454545454,0.42272727272727373,124,128.14285714285714,133,No,MO
Missouri,Establishments with 100 to 249 employees,14,216802,51118,2445,Midwest,0.8609322805507493,Science and Engineering,Business,1017063,37390.617647058825,9.956272727272728,9.533545454545454,0.42272727272727373,124,128.14285714285714,133,No,MO
Missouri,Establishments with 250 to 499 employees,7,193529,45198,1940,Midwest,0.8609322805507493,Science and Engineering,Business,1017063,37390.617647058825,9.956272727272728,9.533545454545454,0.42272727272727373,124,128.14285714285714,133,No,MO
Missouri,Establishments with 50 to 99 employees,4,16991,4170,266,Midwest,0.8609322805507493,Science and Engineering,Business,1017063,37390.617647058825,9.956272727272728,9.533545454545454,0.42272727272727373,124,128.14285714285714,133,No,MO
Missouri,Establishments with 100 to 249 employees,8,126333,29791,1381,Midwest,0.8609322805507493,Science and Engineering,Business,1017063,37390.617647058825,9.956272727272728,9.533545454545454,0.42272727272727373,124,128.14285714285714,133,No,MO
Missouri,Establishments with 250 to 499 employees,5,144259,33038,1384,Midwest,0.8609322805507493,Science and Engineering,Business,1017063,37390.617647058825,9.956272727272728,9.533545454545454,0.42272727272727373,124,128.14285714285714,133,No,MO
Missouri,Establishments with 50 to 99 employees,7,48120,10435,520,Midwest,0.8609322805507493,Science and Engineering,Business,1017063,37390.617647058825,9.956272727272728,9.533545454545454,0.42272727272727373,124,128.14285714285714,133,No,MO
Missouri,Establishments with 100 to 249 employees,3,43150,9856,572,Midwest,0.8609322805507493,Science and Engineering,Business,1017063,37390.617647058825,9.956272727272728,9.533545454545454,0.42272727272727373,124,128.14285714285714,133,No,MO
Missouri,Establishments with 50 to 99 employees,3,22629,5551,256,Midwest,0.8609322805507493,Science and Engineering,Business,1017063,37390.617647058825,9.956272727272728,9.533545454545454,0.42272727272727373,124,128.14285714285714,133,No,MO
Missouri,Establishments with 100 to 249 employees,3,47319,11471,492,Midwest,0.8609322805507493,Science and Engineering,Business,1017063,37390.617647058825,9.956272727272728,9.533545454545454,0.42272727272727373,124,128.14285714285714,133,No,MO
Nebraska,Establishments with 50 to 99 employees,3,15744,3616,213,Midwest,0.875638584484006,Science and Engineering,Business,343372,65013.38461538462,8.109363636363637,7.676727272727273,0.43263636363636415,202,202.0,202,No,NE
Nebraska,Establishments with 100 to 249 employees,6,57081,16084,762,Midwest,0.875638584484006,Science and Engineering,Business,343372,65013.38461538462,8.109363636363637,7.676727272727273,0.43263636363636415,202,202.0,202,No,NE
Nebraska,Establishments with 100 to 249 employees,4,36493,10424,517,Midwest,0.875638584484006,Science and Engineering,Business,343372,65013.38461538462,8.109363636363637,7.676727272727273,0.43263636363636415,202,202.0,202,No,NE
Nevada,Establishments with 50 to 99 employees,14,79623,21161,930,West,0.9224362858233549,Science and Engineering,Business,413130,43913.52,12.341363636363637,11.432363636363636,0.9090000000000007,220,220.0,220,No,NV
Nevada,Establishments with 50 to 99 employees,7,46055,11766,428,West,0.9224362858233549,Science and Engineering,Business,413130,43913.52,12.341363636363637,11.432363636363636,0.9090000000000007,220,220.0,220,No,NV
Nevada,Establishments with 50 to 99 employees,4,18265,4953,307,West,0.9224362858233549,Science and Engineering,Business,413130,43913.52,12.341363636363637,11.432363636363636,0.9090000000000007,220,220.0,220,No,NV
New Hampshire,Establishments with 50 to 99 employees,10,55091,14789,657,Northeast,0.8712560852906203,Science and Engineering,"Arts, Humanities and Others",280413,33476.09090909091,8.321454545454545,8.381,-0.059545454545455456,103,103.0,103,Yes,NH
New Hampshire,Establishments with 100 to 249 employees,3,31463,8954,461,Northeast,0.8712560852906203,Science and Engineering,"Arts, Humanities and Others",280413,33476.09090909091,8.321454545454545,8.381,-0.059545454545455456,103,103.0,103,Yes,NH
New Hampshire,Establishments with 50 to 99 employees,6,34046,9374,365,Northeast,0.8712560852906203,Science and Engineering,"Arts, Humanities and Others",280413,33476.09090909091,8.321454545454545,8.381,-0.059545454545455456,103,103.0,103,Yes,NH
New Hampshire,Establishments with 50 to 99 employees,3,16511,4028,217,Northeast,0.8712560852906203,Science and Engineering,"Arts, Humanities and Others",280413,33476.09090909091,8.321454545454545,8.381,-0.059545454545455456,103,103.0,103,Yes,NH
New Jersey,Establishments with 50 to 99 employees,96,619842,150416,6539,Northeast,0.9072385321580911,Science and Engineering,Business,2076227,13465.778364116095,9.776727272727273,9.990909090909092,-0.21418181818181914,1,3.7142857142857144,7,Yes,NJ
New Jersey,Establishments with 100 to 249 employees,64,879296,207214,9580,Northeast,0.9072385321580911,Science and Engineering,Business,2076227,13465.778364116095,9.776727272727273,9.990909090909092,-0.21418181818181914,1,3.7142857142857144,7,Yes,NJ
New Jersey,Establishments with 250 to 499 employees,24,869908,208161,8711,Northeast,0.9072385321580911,Science and Engineering,Business,2076227,13465.778364116095,9.776727272727273,9.990909090909092,-0.21418181818181914,1,3.7142857142857144,7,Yes,NJ
New Jersey,Establishments with 500 to 999 employees,5,463348,109269,3630,Northeast,0.9072385321580911,Science and Engineering,Business,2076227,13465.778364116095,9.776727272727273,9.990909090909092,-0.21418181818181914,1,3.7142857142857144,7,Yes,NJ
New Jersey,Establishments with 1000 employees or more,6,1843583,431939,21507,Northeast,0.9072385321580911,Science and Engineering,Business,2076227,13465.778364116095,9.776727272727273,9.990909090909092,-0.21418181818181914,1,3.7142857142857144,7,Yes,NJ
New Jersey,Establishments with 50 to 99 employees,39,289117,73384,2674,Northeast,0.9072385321580911,Science and Engineering,Business,2076227,13465.778364116095,9.776727272727273,9.990909090909092,-0.21418181818181914,1,3.7142857142857144,7,Yes,NJ
New Jersey,Establishments with 100 to 249 employees,27,360256,89262,3548,Northeast,0.9072385321580911,Science and Engineering,Business,2076227,13465.778364116095,9.776727272727273,9.990909090909092,-0.21418181818181914,1,3.7142857142857144,7,Yes,NJ
New Jersey,Establishments with 250 to 499 employees,17,664992,161662,6355,Northeast,0.9072385321580911,Science and Engineering,Business,2076227,13465.778364116095,9.776727272727273,9.990909090909092,-0.21418181818181914,1,3.7142857142857144,7,Yes,NJ
New Jersey,Establishments with 1000 employees or more,4,1315357,309080,13207,Northeast,0.9072385321580911,Science and Engineering,Business,2076227,13465.778364116095,9.776727272727273,9.990909090909092,-0.21418181818181914,1,3.7142857142857144,7,Yes,NJ
New Jersey,Establishments with 50 to 99 employees,49,287667,66874,3349,Northeast,0.9072385321580911,Science and Engineering,Business,2076227,13465.778364116095,9.776727272727273,9.990909090909092,-0.21418181818181914,1,3.7142857142857144,7,Yes,NJ
New Jersey,Establishments with 100 to 249 employees,31,427049,95935,5026,Northeast,0.9072385321580911,Science and Engineering,Business,2076227,13465.778364116095,9.776727272727273,9.990909090909092,-0.21418181818181914,1,3.7142857142857144,7,Yes,NJ
New Jersey,Establishments with 250 to 499 employees,5,120270,28176,1747,Northeast,0.9072385321580911,Science and Engineering,Business,2076227,13465.778364116095,9.776727272727273,9.990909090909092,-0.21418181818181914,1,3.7142857142857144,7,Yes,NJ
New Jersey,Establishments with 50 to 99 employees,6,32544,7707,366,Northeast,0.9072385321580911,Science and Engineering,Business,2076227,13465.778364116095,9.776727272727273,9.990909090909092,-0.21418181818181914,1,3.7142857142857144,7,Yes,NJ
New Jersey,Establishments with 100 to 249 employees,6,91991,22017,1006,Northeast,0.9072385321580911,Science and Engineering,Business,2076227,13465.778364116095,9.776727272727273,9.990909090909092,-0.21418181818181914,1,3.7142857142857144,7,Yes,NJ
New Mexico,Establishments with 50 to 99 employees,5,38255,9748,329,Southwest,0.8360397919206395,Science and Engineering,"Arts, Humanities and Others",275109,87688.44444444444,8.791181818181819,9.232090909090909,-0.4409090909090896,220,220.0,220,No,NM
New Mexico,Establishments with 50 to 99 employees,4,29503,7740,258,Southwest,0.8360397919206395,Science and Engineering,"Arts, Humanities and Others",275109,87688.44444444444,8.791181818181819,9.232090909090909,-0.4409090909090896,220,220.0,220,No,NM
New York,Establishments with 50 to 99 employees,63,416692,111282,4213,Northeast,0.8504368544473978,Science and Engineering,"Arts, Humanities and Others",4176972,36901.55714285714,10.345636363636363,9.862545454545455,0.4830909090909081,37,45.38095238095238,56,Yes,NY
New York,Establishments with 100 to 249 employees,56,933738,245358,8379,Northeast,0.8504368544473978,Science and Engineering,"Arts, Humanities and Others",4176972,36901.55714285714,10.345636363636363,9.862545454545455,0.4830909090909081,37,45.38095238095238,56,Yes,NY
New York,Establishments with 250 to 499 employees,16,677922,167455,5566,Northeast,0.8504368544473978,Science and Engineering,"Arts, Humanities and Others",4176972,36901.55714285714,10.345636363636363,9.862545454545455,0.4830909090909081,37,45.38095238095238,56,Yes,NY
New York,Establishments with 500 to 999 employees,10,1028863,253306,6678,Northeast,0.8504368544473978,Science and Engineering,"Arts, Humanities and Others",4176972,36901.55714285714,10.345636363636363,9.862545454545455,0.4830909090909081,37,45.38095238095238,56,Yes,NY
New York,Establishments with 1000 employees or more,5,952881,230828,10736,Northeast,0.8504368544473978,Science and Engineering,"Arts, Humanities and Others",4176972,36901.55714285714,10.345636363636363,9.862545454545455,0.4830909090909081,37,45.38095238095238,56,Yes,NY
New York,Establishments with 50 to 99 employees,41,275082,75818,2785,Northeast,0.8504368544473978,Science and Engineering,"Arts, Humanities and Others",4176972,36901.55714285714,10.345636363636363,9.862545454545455,0.4830909090909081,37,45.38095238095238,56,Yes,NY
New York,Establishments with 100 to 249 employees,36,627004,162854,5264,Northeast,0.8504368544473978,Science and Engineering,"Arts, Humanities and Others",4176972,36901.55714285714,10.345636363636363,9.862545454545455,0.4830909090909081,37,45.38095238095238,56,Yes,NY
New York,Establishments with 250 to 499 employees,12,491612,125157,4079,Northeast,0.8504368544473978,Science and Engineering,"Arts, Humanities and Others",4176972,36901.55714285714,10.345636363636363,9.862545454545455,0.4830909090909081,37,45.38095238095238,56,Yes,NY
New York,Establishments with 50 to 99 employees,10,52656,13405,593,Northeast,0.8504368544473978,Science and Engineering,"Arts, Humanities and Others",4176972,36901.55714285714,10.345636363636363,9.862545454545455,0.4830909090909081,37,45.38095238095238,56,Yes,NY
New York,Establishments with 100 to 249 employees,14,187916,49614,2169,Northeast,0.8504368544473978,Science and Engineering,"Arts, Humanities and Others",4176972,36901.55714285714,10.345636363636363,9.862545454545455,0.4830909090909081,37,45.38095238095238,56,Yes,NY
New York,Establishments with 100 to 249 employees,3,66539,19689,451,Northeast,0.8504368544473978,Science and Engineering,"Arts, Humanities and Others",4176972,36901.55714285714,10.345636363636363,9.862545454545455,0.4830909090909081,37,45.38095238095238,56,Yes,NY
New York,Establishments with 50 to 99 employees,11,83053,20785,775,Northeast,0.8504368544473978,Science and Engineering,"Arts, Humanities and Others",4176972,36901.55714285714,10.345636363636363,9.862545454545455,0.4830909090909081,37,45.38095238095238,56,Yes,NY
New York,Establishments with 100 to 249 employees,3,52279,13201,495,Northeast,0.8504368544473978,Science and Engineering,"Arts, Humanities and Others",4176972,36901.55714285714,10.345636363636363,9.862545454545455,0.4830909090909081,37,45.38095238095238,56,Yes,NY
North Carolina,Establishments with 50 to 99 employees,29,197329,44338,1929,Southeast,0.8284893911166603,Science and Engineering,"Arts, Humanities and Others",1845777,43795.943396226416,9.536363636363637,9.160818181818183,0.3755454545454544,79,82.25,86,Yes,NC
North Carolina,Establishments with 100 to 249 employees,23,395492,94648,3817,Southeast,0.8284893911166603,Science and Engineering,"Arts, Humanities and Others",1845777,43795.943396226416,9.536363636363637,9.160818181818183,0.3755454545454544,79,82.25,86,Yes,NC
North Carolina,Establishments with 500 to 999 employees,3,228125,67044,2231,Southeast,0.8284893911166603,Science and Engineering,"Arts, Humanities and Others",1845777,43795.943396226416,9.536363636363637,9.160818181818183,0.3755454545454544,79,82.25,86,Yes,NC
North Carolina,Establishments with 1000 employees or more,3,446299,123115,5300,Southeast,0.8284893911166603,Science and Engineering,"Arts, Humanities and Others",1845777,43795.943396226416,9.536363636363637,9.160818181818183,0.3755454545454544,79,82.25,86,Yes,NC
North Carolina,Establishments with 50 to 99 employees,13,97015,21190,797,Southeast,0.8284893911166603,Science and Engineering,"Arts, Humanities and Others",1845777,43795.943396226416,9.536363636363637,9.160818181818183,0.3755454545454544,79,82.25,86,Yes,NC
North Carolina,Establishments with 100 to 249 employees,14,230667,58941,2260,Southeast,0.8284893911166603,Science and Engineering,"Arts, Humanities and Others",1845777,43795.943396226416,9.536363636363637,9.160818181818183,0.3755454545454544,79,82.25,86,Yes,NC
North Carolina,Establishments with 50 to 99 employees,13,77108,17334,872,Southeast,0.8284893911166603,Science and Engineering,"Arts, Humanities and Others",1845777,43795.943396226416,9.536363636363637,9.160818181818183,0.3755454545454544,79,82.25,86,Yes,NC
North Carolina,Establishments with 100 to 249 employees,4,71697,17661,731,Southeast,0.8284893911166603,Science and Engineering,"Arts, Humanities and Others",1845777,43795.943396226416,9.536363636363637,9.160818181818183,0.3755454545454544,79,82.25,86,Yes,NC
North Carolina,Establishments with 100 to 249 employees,4,71808,11550,611,Southeast,0.8284893911166603,Science and Engineering,"Arts, Humanities and Others",1845777,43795.943396226416,9.536363636363637,9.160818181818183,0.3755454545454544,79,82.25,86,Yes,NC
North Dakota,Establishments with 50 to 99 employees,3,15107,3495,223,Midwest,0.8076691924250816,Science and Engineering,Business,124809,102264.66666666667,9.134545454545455,7.909999999999999,1.2245454545454555,220,220.0,220,No,ND
Ohio,Establishments with 50 to 99 employees,42,271477,64319,2812,Midwest,0.8836360177542177,Science and Engineering,Business,1873907,29274.347826086956,7.756454545454545,8.197818181818182,-0.4413636363636364,152,157.22222222222223,164,No,OH
Ohio,Establishments with 100 to 249 employees,30,415877,110812,4052,Midwest,0.8836360177542177,Science and Engineering,Business,1873907,29274.347826086956,7.756454545454545,8.197818181818182,-0.4413636363636364,152,157.22222222222223,164,No,OH
Ohio,Establishments with 250 to 499 employees,10,269546,67566,3587,Midwest,0.8836360177542177,Science and Engineering,Business,1873907,29274.347826086956,7.756454545454545,8.197818181818182,-0.4413636363636364,152,157.22222222222223,164,No,OH
Ohio,Establishments with 50 to 99 employees,15,86480,21504,993,Midwest,0.8836360177542177,Science and Engineering,Business,1873907,29274.347826086956,7.756454545454545,8.197818181818182,-0.4413636363636364,152,157.22222222222223,164,No,OH
Ohio,Establishments with 100 to 249 employees,14,208679,55978,1939,Midwest,0.8836360177542177,Science and Engineering,Business,1873907,29274.347826086956,7.756454545454545,8.197818181818182,-0.4413636363636364,152,157.22222222222223,164,No,OH
Ohio,Establishments with 250 to 499 employees,7,165508,42384,2371,Midwest,0.8836360177542177,Science and Engineering,Business,1873907,29274.347826086956,7.756454545454545,8.197818181818182,-0.4413636363636364,152,157.22222222222223,164,No,OH
Ohio,Establishments with 50 to 99 employees,21,136046,30800,1384,Midwest,0.8836360177542177,Science and Engineering,Business,1873907,29274.347826086956,7.756454545454545,8.197818181818182,-0.4413636363636364,152,157.22222222222223,164,No,OH
Ohio,Establishments with 100 to 249 employees,11,137273,39027,1431,Midwest,0.8836360177542177,Science and Engineering,Business,1873907,29274.347826086956,7.756454545454545,8.197818181818182,-0.4413636363636364,152,157.22222222222223,164,No,OH
Ohio,Establishments with 50 to 99 employees,6,48951,12015,435,Midwest,0.8836360177542177,Science and Engineering,Business,1873907,29274.347826086956,7.756454545454545,8.197818181818182,-0.4413636363636364,152,157.22222222222223,164,No,OH
Ohio,Establishments with 100 to 249 employees,5,69925,15807,682,Midwest,0.8836360177542177,Science and Engineering,Business,1873907,29274.347826086956,7.756454545454545,8.197818181818182,-0.4413636363636364,152,157.22222222222223,164,No,OH
Oklahoma,Establishments with 50 to 99 employees,7,40461,9287,499,Southwest,0.8685245517913377,Science and Engineering,Business,529068,68650.9,8.944454545454546,8.746363636363636,0.19809090909090976,194,196.0,197,No,OK
Oklahoma,Establishments with 100 to 249 employees,4,53127,12962,563,Southwest,0.8685245517913377,Science and Engineering,Business,529068,68650.9,8.944454545454546,8.746363636363636,0.19809090909090976,194,196.0,197,No,OK
Oklahoma,Establishments with 50 to 99 employees,3,19082,4587,199,Southwest,0.8685245517913377,Science and Engineering,Business,529068,68650.9,8.944454545454546,8.746363636363636,0.19809090909090976,194,196.0,197,No,OK
Oklahoma,Establishments with 100 to 249 employees,3,44467,11196,450,Southwest,0.8685245517913377,Science and Engineering,Business,529068,68650.9,8.944454545454546,8.746363636363636,0.19809090909090976,194,196.0,197,No,OK
Oklahoma,Establishments with 50 to 99 employees,3,17377,3734,234,Southwest,0.8685245517913377,Science and Engineering,Business,529068,68650.9,8.944454545454546,8.746363636363636,0.19809090909090976,194,196.0,197,No,OK
Oregon,Establishments with 50 to 99 employees,14,86085,23487,992,West,0.9003085215265557,Science and Engineering,"Arts, Humanities and Others",782560,46923.454545454544,9.888272727272728,9.348818181818181,0.5394545454545465,202,202.0,202,No,OR
Oregon,Establishments with 100 to 249 employees,10,152143,33543,1562,West,0.9003085215265557,Science and Engineering,"Arts, Humanities and Others",782560,46923.454545454544,9.888272727272728,9.348818181818181,0.5394545454545465,202,202.0,202,No,OR
Oregon,Establishments with 50 to 99 employees,6,40777,11629,474,West,0.9003085215265557,Science and Engineering,"Arts, Humanities and Others",782560,46923.454545454544,9.888272727272728,9.348818181818181,0.5394545454545465,202,202.0,202,No,OR
Oregon,Establishments with 100 to 249 employees,5,83545,18560,663,West,0.9003085215265557,Science and Engineering,"Arts, Humanities and Others",782560,46923.454545454544,9.888272727272728,9.348818181818181,0.5394545454545465,202,202.0,202,No,OR
Oregon,Establishments with 50 to 99 employees,6,36312,10089,394,West,0.9003085215265557,Science and Engineering,"Arts, Humanities and Others",782560,46923.454545454544,9.888272727272728,9.348818181818181,0.5394545454545465,202,202.0,202,No,OR
Oregon,Establishments with 100 to 249 employees,3,47370,9434,585,West,0.9003085215265557,Science and Engineering,"Arts, Humanities and Others",782560,46923.454545454544,9.888272727272728,9.348818181818181,0.5394545454545465,202,202.0,202,No,OR
Pennsylvania,Establishments with 50 to 99 employees,74,490955,119796,5085,Northeast,0.8944648598243722,Science and Engineering,"Arts, Humanities and Others",2315847,24515.983193277312,7.975363636363636,7.982363636363636,-0.006999999999999673,86,91.58333333333333,99,Yes,PA
Pennsylvania,Establishments with 100 to 249 employees,31,484978,120557,4875,Northeast,0.8944648598243722,Science and Engineering,"Arts, Humanities and Others",2315847,24515.983193277312,7.975363636363636,7.982363636363636,-0.006999999999999673,86,91.58333333333333,99,Yes,PA
Pennsylvania,Establishments with 250 to 499 employees,12,473465,128575,4103,Northeast,0.8944648598243722,Science and Engineering,"Arts, Humanities and Others",2315847,24515.983193277312,7.975363636363636,7.982363636363636,-0.006999999999999673,86,91.58333333333333,99,Yes,PA
Pennsylvania,Establishments with 500 to 999 employees,4,303810,88878,2959,Northeast,0.8944648598243722,Science and Engineering,"Arts, Humanities and Others",2315847,24515.983193277312,7.975363636363636,7.982363636363636,-0.006999999999999673,86,91.58333333333333,99,Yes,PA
Pennsylvania,Establishments with 1000 employees or more,3,666797,189093,5791,Northeast,0.8944648598243722,Science and Engineering,"Arts, Humanities and Others",2315847,24515.983193277312,7.975363636363636,7.982363636363636,-0.006999999999999673,86,91.58333333333333,99,Yes,PA
Pennsylvania,Establishments with 50 to 99 employees,30,237997,59895,2177,Northeast,0.8944648598243722,Science and Engineering,"Arts, Humanities and Others",2315847,24515.983193277312,7.975363636363636,7.982363636363636,-0.006999999999999673,86,91.58333333333333,99,Yes,PA
Pennsylvania,Establishments with 100 to 249 employees,18,299665,77008,2885,Northeast,0.8944648598243722,Science and Engineering,"Arts, Humanities and Others",2315847,24515.983193277312,7.975363636363636,7.982363636363636,-0.006999999999999673,86,91.58333333333333,99,Yes,PA
Pennsylvania,Establishments with 250 to 499 employees,7,258197,72539,2380,Northeast,0.8944648598243722,Science and Engineering,"Arts, Humanities and Others",2315847,24515.983193277312,7.975363636363636,7.982363636363636,-0.006999999999999673,86,91.58333333333333,99,Yes,PA
Pennsylvania,Establishments with 50 to 99 employees,36,196507,45452,2357,Northeast,0.8944648598243722,Science and Engineering,"Arts, Humanities and Others",2315847,24515.983193277312,7.975363636363636,7.982363636363636,-0.006999999999999673,86,91.58333333333333,99,Yes,PA
Pennsylvania,Establishments with 100 to 249 employees,9,128309,28887,1300,Northeast,0.8944648598243722,Science and Engineering,"Arts, Humanities and Others",2315847,24515.983193277312,7.975363636363636,7.982363636363636,-0.006999999999999673,86,91.58333333333333,99,Yes,PA
Pennsylvania,Establishments with 250 to 499 employees,4,129757,29932,1326,Northeast,0.8944648598243722,Science and Engineering,"Arts, Humanities and Others",2315847,24515.983193277312,7.975363636363636,7.982363636363636,-0.006999999999999673,86,91.58333333333333,99,Yes,PA
Pennsylvania,Establishments with 50 to 99 employees,7,48986,12404,478,Northeast,0.8944648598243722,Science and Engineering,"Arts, Humanities and Others",2315847,24515.983193277312,7.975363636363636,7.982363636363636,-0.006999999999999673,86,91.58333333333333,99,Yes,PA
Pennsylvania,Establishments with 100 to 249 employees,3,42319,11543,484,Northeast,0.8944648598243722,Science and Engineering,"Arts, Humanities and Others",2315847,24515.983193277312,7.975363636363636,7.982363636363636,-0.006999999999999673,86,91.58333333333333,99,Yes,PA
Rhode Island,Establishments with 100 to 249 employees,3,38312,9859,489,Northeast,0.8835257082896117,Science and Engineering,"Arts, Humanities and Others",205345,173516.66666666666,8.796818181818182,9.04409090909091,-0.24727272727272798,103,103.0,103,No,RI
South Carolina,Establishments with 50 to 99 employees,7,49378,12121,450,Southeast,0.8436475080245316,Science and Engineering,Business,791368,105455.9,9.200454545454546,8.885272727272728,0.31518181818181823,176,176.0,176,No,SC
South Carolina,Establishments with 100 to 249 employees,4,37927,9646,688,Southeast,0.8436475080245316,Science and Engineering,Business,791368,105455.9,9.200454545454546,8.885272727272728,0.31518181818181823,176,176.0,176,No,SC
South Carolina,Establishments with 50 to 99 employees,3,23699,6346,191,Southeast,0.8436475080245316,Science and Engineering,Business,791368,105455.9,9.200454545454546,8.885272727272728,0.31518181818181823,176,176.0,176,No,SC
South Carolina,Establishments with 100 to 249 employees,3,26659,8124,534,Southeast,0.8436475080245316,Science and Engineering,Business,791368,105455.9,9.200454545454546,8.885272727272728,0.31518181818181823,176,176.0,176,No,SC
South Carolina,Establishments with 50 to 99 employees,3,16279,3464,172,Southeast,0.8436475080245316,Science and Engineering,Business,791368,105455.9,9.200454545454546,8.885272727272728,0.31518181818181823,176,176.0,176,No,SC
Tennessee,Establishments with 50 to 99 employees,17,92267,22416,1086,Southeast,0.8323513942176357,Science and Engineering,"Arts, Humanities and Others",1085458,57371.234042553195,8.733818181818181,8.599727272727273,0.13409090909090793,118,121.6,124,No,TN
Tennessee,Establishments with 100 to 249 employees,9,91910,23076,1134,Southeast,0.8323513942176357,Science and Engineering,"Arts, Humanities and Others",1085458,57371.234042553195,8.733818181818181,8.599727272727273,0.13409090909090793,118,121.6,124,No,TN
Tennessee,Establishments with 50 to 99 employees,13,72553,17690,810,Southeast,0.8323513942176357,Science and Engineering,"Arts, Humanities and Others",1085458,57371.234042553195,8.733818181818181,8.599727272727273,0.13409090909090793,118,121.6,124,No,TN
Tennessee,Establishments with 100 to 249 employees,3,38371,9978,471,Southeast,0.8323513942176357,Science and Engineering,"Arts, Humanities and Others",1085458,57371.234042553195,8.733818181818181,8.599727272727273,0.13409090909090793,118,121.6,124,No,TN
Tennessee,Establishments with 100 to 249 employees,5,48157,11860,554,Southeast,0.8323513942176357,Science and Engineering,"Arts, Humanities and Others",1085458,57371.234042553195,8.733818181818181,8.599727272727273,0.13409090909090793,118,121.6,124,No,TN
Texas,Establishments with 50 to 99 employees,136,960510,235757,9695,Southwest,0.9306678137304741,Science and Engineering,Business,4753313,22832.146245059288,10.604090909090909,9.296363636363635,1.3077272727272735,107,109.4,111,No,TX
Texas,Establishments with 100 to 249 employees,85,1296284,370330,12926,Southwest,0.9306678137304741,Science and Engineering,Business,4753313,22832.146245059288,10.604090909090909,9.296363636363635,1.3077272727272735,107,109.4,111,No,TX
Texas,Establishments with 250 to 499 employees,22,822889,207394,7411,Southwest,0.9306678137304741,Science and Engineering,Business,4753313,22832.146245059288,10.604090909090909,9.296363636363635,1.3077272727272735,107,109.4,111,No,TX
Texas,Establishments with 500 to 999 employees,9,619585,160249,5987,Southwest,0.9306678137304741,Science and Engineering,Business,4753313,22832.146245059288,10.604090909090909,9.296363636363635,1.3077272727272735,107,109.4,111,No,TX
Texas,Establishments with 1000 employees or more,9,1556278,409427,14390,Southwest,0.9306678137304741,Science and Engineering,Business,4753313,22832.146245059288,10.604090909090909,9.296363636363635,1.3077272727272735,107,109.4,111,No,TX
Texas,Establishments with 50 to 99 employees,70,532074,138894,5120,Southwest,0.9306678137304741,Science and Engineering,Business,4753313,22832.146245059288,10.604090909090909,9.296363636363635,1.3077272727272735,107,109.4,111,No,TX
Texas,Establishments with 100 to 249 employees,53,884433,260780,8041,Southwest,0.9306678137304741,Science and Engineering,Business,4753313,22832.146245059288,10.604090909090909,9.296363636363635,1.3077272727272735,107,109.4,111,No,TX
Texas,Establishments with 250 to 499 employees,17,698946,175310,5903,Southwest,0.9306678137304741,Science and Engineering,Business,4753313,22832.146245059288,10.604090909090909,9.296363636363635,1.3077272727272735,107,109.4,111,No,TX
Texas,Establishments with 1000 employees or more,7,1317263,326661,12117,Southwest,0.9306678137304741,Science and Engineering,Business,4753313,22832.146245059288,10.604090909090909,9.296363636363635,1.3077272727272735,107,109.4,111,No,TX
Texas,Establishments with 50 to 99 employees,43,284253,62517,3074,Southwest,0.9306678137304741,Science and Engineering,Business,4753313,22832.146245059288,10.604090909090909,9.296363636363635,1.3077272727272735,107,109.4,111,No,TX
Texas,Establishments with 100 to 249 employees,21,224276,52409,3185,Southwest,0.9306678137304741,Science and Engineering,Business,4753313,22832.146245059288,10.604090909090909,9.296363636363635,1.3077272727272735,107,109.4,111,No,TX
Texas,Establishments with 250 to 499 employees,3,64556,13108,889,Southwest,0.9306678137304741,Science and Engineering,Business,4753313,22832.146245059288,10.604090909090909,9.296363636363635,1.3077272727272735,107,109.4,111,No,TX
Texas,Establishments with 50 to 99 employees,4,24852,5647,267,Southwest,0.9306678137304741,Science and Engineering,Business,4753313,22832.146245059288,10.604090909090909,9.296363636363635,1.3077272727272735,107,109.4,111,No,TX
Texas,Establishments with 50 to 99 employees,19,119331,28699,1234,Southwest,0.9306678137304741,Science and Engineering,Business,4753313,22832.146245059288,10.604090909090909,9.296363636363635,1.3077272727272735,107,109.4,111,No,TX
Texas,Establishments with 100 to 249 employees,8,123968,37424,1169,Southwest,0.9306678137304741,Science and Engineering,Business,4753313,22832.146245059288,10.604090909090909,9.296363636363635,1.3077272727272735,107,109.4,111,No,TX
Utah,Establishments with 50 to 99 employees,26,145141,38109,1878,West,1.1141692961473866,Science and Engineering,"Arts, Humanities and Others",547322,13427.494949494949,11.951727272727272,10.700454545454546,1.2512727272727258,183,183.0,183,No,UT
Utah,Establishments with 100 to 249 employees,22,307259,71201,3220,West,1.1141692961473866,Science and Engineering,"Arts, Humanities and Others",547322,13427.494949494949,11.951727272727272,10.700454545454546,1.2512727272727258,183,183.0,183,No,UT
Utah,Establishments with 250 to 499 employees,3,117953,27432,1255,West,1.1141692961473866,Science and Engineering,"Arts, Humanities and Others",547322,13427.494949494949,11.951727272727272,10.700454545454546,1.2512727272727258,183,183.0,183,No,UT
Utah,Establishments with 50 to 99 employees,17,105151,27473,1279,West,1.1141692961473866,Science and Engineering,"Arts, Humanities and Others",547322,13427.494949494949,11.951727272727272,10.700454545454546,1.2512727272727258,183,183.0,183,No,UT
Utah,Establishments with 100 to 249 employees,15,233628,54638,2320,West,1.1141692961473866,Science and Engineering,"Arts, Humanities and Others",547322,13427.494949494949,11.951727272727272,10.700454545454546,1.2512727272727258,183,183.0,183,No,UT
Utah,Establishments with 50 to 99 employees,6,21677,6129,414,West,1.1141692961473866,Science and Engineering,"Arts, Humanities and Others",547322,13427.494949494949,11.951727272727272,10.700454545454546,1.2512727272727258,183,183.0,183,No,UT
Utah,Establishments with 100 to 249 employees,3,32449,7567,417,West,1.1141692961473866,Science and Engineering,"Arts, Humanities and Others",547322,13427.494949494949,11.951727272727272,10.700454545454546,1.2512727272727258,183,183.0,183,No,UT
Utah,Establishments with 50 to 99 employees,3,18313,4507,185,West,1.1141692961473866,Science and Engineering,"Arts, Humanities and Others",547322,13427.494949494949,11.951727272727272,10.700454545454546,1.2512727272727258,183,183.0,183,No,UT
Utah,Establishments with 100 to 249 employees,4,41182,8996,483,West,1.1141692961473866,Science and Engineering,"Arts, Humanities and Others",547322,13427.494949494949,11.951727272727272,10.700454545454546,1.2512727272727258,183,183.0,183,No,UT
Vermont,Establishments with 50 to 99 employees,3,27892,4318,197,Northeast,0.7996176627283839,Science and Engineering,"Arts, Humanities and Others",127285,114848.0,7.8408181818181815,8.295818181818182,-0.45500000000000096,197,197.0,197,No,VT
Virginia,Establishments with 50 to 99 employees,129,1013176,248696,8915,Southeast,0.8910464695428685,Science and Engineering,"Arts, Humanities and Others",1874676,9281.716566866267,9.335909090909091,9.071181818181818,0.2647272727272725,143,144.71428571428572,146,No,VA
Virginia,Establishments with 100 to 249 employees,86,1423678,340114,13459,Southeast,0.8910464695428685,Science and Engineering,"Arts, Humanities and Others",1874676,9281.716566866267,9.335909090909091,9.071181818181818,0.2647272727272725,143,144.71428571428572,146,No,VA
Virginia,Establishments with 250 to 499 employees,29,985386,252076,9875,Southeast,0.8910464695428685,Science and Engineering,"Arts, Humanities and Others",1874676,9281.716566866267,9.335909090909091,9.071181818181818,0.2647272727272725,143,144.71428571428572,146,No,VA
Virginia,Establishments with 500 to 999 employees,5,234981,54332,2905,Southeast,0.8910464695428685,Science and Engineering,"Arts, Humanities and Others",1874676,9281.716566866267,9.335909090909091,9.071181818181818,0.2647272727272725,143,144.71428571428572,146,No,VA
Virginia,Establishments with 1000 employees or more,5,730508,170461,11258,Southeast,0.8910464695428685,Science and Engineering,"Arts, Humanities and Others",1874676,9281.716566866267,9.335909090909091,9.071181818181818,0.2647272727272725,143,144.71428571428572,146,No,VA
Virginia,Establishments with 50 to 99 employees,44,409080,102419,3090,Southeast,0.8910464695428685,Science and Engineering,"Arts, Humanities and Others",1874676,9281.716566866267,9.335909090909091,9.071181818181818,0.2647272727272725,143,144.71428571428572,146,No,VA
Virginia,Establishments with 100 to 249 employees,39,681619,167362,6092,Southeast,0.8910464695428685,Science and Engineering,"Arts, Humanities and Others",1874676,9281.716566866267,9.335909090909091,9.071181818181818,0.2647272727272725,143,144.71428571428572,146,No,VA
Virginia,Establishments with 250 to 499 employees,10,471753,131007,3831,Southeast,0.8910464695428685,Science and Engineering,"Arts, Humanities and Others",1874676,9281.716566866267,9.335909090909091,9.071181818181818,0.2647272727272725,143,144.71428571428572,146,No,VA
Virginia,Establishments with 500 to 999 employees,3,133997,31263,1829,Southeast,0.8910464695428685,Science and Engineering,"Arts, Humanities and Others",1874676,9281.716566866267,9.335909090909091,9.071181818181818,0.2647272727272725,143,144.71428571428572,146,No,VA
Virginia,Establishments with 1000 employees or more,3,594226,140427,8210,Southeast,0.8910464695428685,Science and Engineering,"Arts, Humanities and Others",1874676,9281.716566866267,9.335909090909091,9.071181818181818,0.2647272727272725,143,144.71428571428572,146,No,VA
Virginia,Establishments with 50 to 99 employees,67,491675,118933,4614,Southeast,0.8910464695428685,Science and Engineering,"Arts, Humanities and Others",1874676,9281.716566866267,9.335909090909091,9.071181818181818,0.2647272727272725,143,144.71428571428572,146,No,VA
Virginia,Establishments with 100 to 249 employees,34,522578,118907,5416,Southeast,0.8910464695428685,Science and Engineering,"Arts, Humanities and Others",1874676,9281.716566866267,9.335909090909091,9.071181818181818,0.2647272727272725,143,144.71428571428572,146,No,VA
Virginia,Establishments with 250 to 499 employees,18,493330,117148,5767,Southeast,0.8910464695428685,Science and Engineering,"Arts, Humanities and Others",1874676,9281.716566866267,9.335909090909091,9.071181818181818,0.2647272727272725,143,144.71428571428572,146,No,VA
Virginia,Establishments with 50 to 99 employees,17,111690,26613,1148,Southeast,0.8910464695428685,Science and Engineering,"Arts, Humanities and Others",1874676,9281.716566866267,9.335909090909091,9.071181818181818,0.2647272727272725,143,144.71428571428572,146,No,VA
Virginia,Establishments with 100 to 249 employees,12,207427,50765,1856,Southeast,0.8910464695428685,Science and Engineering,"Arts, Humanities and Others",1874676,9281.716566866267,9.335909090909091,9.071181818181818,0.2647272727272725,143,144.71428571428572,146,No,VA
Washington,Establishments with 50 to 99 employees,42,348143,83085,3030,West,0.9637580307311656,Science and Engineering,"Arts, Humanities and Others",1539831,24143.604938271605,10.364454545454546,9.889636363636363,0.4748181818181827,176,176.0,176,No,WA
Washington,Establishments with 100 to 249 employees,32,577941,166456,4637,West,0.9637580307311656,Science and Engineering,"Arts, Humanities and Others",1539831,24143.604938271605,10.364454545454546,9.889636363636363,0.4748181818181827,176,176.0,176,No,WA
Washington,Establishments with 250 to 499 employees,11,491954,153638,4129,West,0.9637580307311656,Science and Engineering,"Arts, Humanities and Others",1539831,24143.604938271605,10.364454545454546,9.889636363636363,0.4748181818181827,176,176.0,176,No,WA
Washington,Establishments with 500 to 999 employees,6,715321,229427,4917,West,0.9637580307311656,Science and Engineering,"Arts, Humanities and Others",1539831,24143.604938271605,10.364454545454546,9.889636363636363,0.4748181818181827,176,176.0,176,No,WA
Washington,Establishments with 50 to 99 employees,24,218649,53551,1750,West,0.9637580307311656,Science and Engineering,"Arts, Humanities and Others",1539831,24143.604938271605,10.364454545454546,9.889636363636363,0.4748181818181827,176,176.0,176,No,WA
Washington,Establishments with 100 to 249 employees,24,443718,133976,3495,West,0.9637580307311656,Science and Engineering,"Arts, Humanities and Others",1539831,24143.604938271605,10.364454545454546,9.889636363636363,0.4748181818181827,176,176.0,176,No,WA
Washington,Establishments with 50 to 99 employees,14,95644,22045,969,West,0.9637580307311656,Science and Engineering,"Arts, Humanities and Others",1539831,24143.604938271605,10.364454545454546,9.889636363636363,0.4748181818181827,176,176.0,176,No,WA
Washington,Establishments with 100 to 249 employees,6,112342,25754,912,West,0.9637580307311656,Science and Engineering,"Arts, Humanities and Others",1539831,24143.604938271605,10.364454545454546,9.889636363636363,0.4748181818181827,176,176.0,176,No,WA
Washington,Establishments with 50 to 99 employees,3,25311,5321,235,West,0.9637580307311656,Science and Engineering,"Arts, Humanities and Others",1539831,24143.604938271605,10.364454545454546,9.889636363636363,0.4748181818181827,176,176.0,176,No,WA
Wisconsin,Establishments with 50 to 99 employees,15,128965,30091,1094,Midwest,0.8547633014866064,Science and Engineering,"Arts, Humanities and Others",1000629,40592.87096774193,7.727,7.820818181818182,-0.09381818181818158,171,174.33333333333334,176,No,WI
Wisconsin,Establishments with 100 to 249 employees,12,168925,47122,1908,Midwest,0.8547633014866064,Science and Engineering,"Arts, Humanities and Others",1000629,40592.87096774193,7.727,7.820818181818182,-0.09381818181818158,171,174.33333333333334,176,No,WI
Wisconsin,Establishments with 250 to 499 employees,5,176738,37746,1710,Midwest,0.8547633014866064,Science and Engineering,"Arts, Humanities and Others",1000629,40592.87096774193,7.727,7.820818181818182,-0.09381818181818158,171,174.33333333333334,176,No,WI
Wisconsin,Establishments with 50 to 99 employees,4,47048,10572,294,Midwest,0.8547633014866064,Science and Engineering,"Arts, Humanities and Others",1000629,40592.87096774193,7.727,7.820818181818182,-0.09381818181818158,171,174.33333333333334,176,No,WI
Wisconsin,Establishments with 100 to 249 employees,7,90309,24437,1017,Midwest,0.8547633014866064,Science and Engineering,"Arts, Humanities and Others",1000629,40592.87096774193,7.727,7.820818181818182,-0.09381818181818158,171,174.33333333333334,176,No,WI
Wisconsin,Establishments with 250 to 499 employees,4,139634,28606,1319,Midwest,0.8547633014866064,Science and Engineering,"Arts, Humanities and Others",1000629,40592.87096774193,7.727,7.820818181818182,-0.09381818181818158,171,174.33333333333334,176,No,WI
Wisconsin,Establishments with 50 to 99 employees,8,60053,14573,600,Midwest,0.8547633014866064,Science and Engineering,"Arts, Humanities and Others",1000629,40592.87096774193,7.727,7.820818181818182,-0.09381818181818158,171,174.33333333333334,176,No,WI
Wisconsin,Establishments with 50 to 99 employees,3,21864,4946,200,Midwest,0.8547633014866064,Science and Engineering,"Arts, Humanities and Others",1000629,40592.87096774193,7.727,7.820818181818182,-0.09381818181818158,171,174.33333333333334,176,No,WI
Wisconsin,Establishments with 100 to 249 employees,4,53343,14554,661,Midwest,0.8547633014866064,Science and Engineering,"Arts, Humanities and Others",1000629,40592.87096774193,7.727,7.820818181818182,-0.09381818181818158,171,174.33333333333334,176,No,WI
